{"train/step_loss":3.0994415283203125e-06,"val/bacc":0.9929078014184397,"_step":371,"train/loss":0.005467883572591423,"val/loss":0.054072162934712,"_runtime":508,"lr":5.891648063319856e-06,"epoch":4,"_wandb":{"runtime":508},"step":3660,"_timestamp":1.7805573128831537e+09,"train/bacc":0.9983374896093101}