{"lr":5.880393914811212e-06,"_timestamp":1.7805539134647408e+09,"epoch":4,"val/bacc":0.7307692307692308,"_wandb":{"runtime":289},"train/bacc":0.973681646063036,"val/loss":0.2925678789615631,"_runtime":289,"step":3530,"train/loss":0.040554824441966446,"_step":358,"train/step_loss":8.225440979003906e-06}