{"lr":5.8791865918003374e-06,"train/bacc":0.9910377848808503,"step":3920,"_timestamp":1.7805617709095795e+09,"epoch":4,"_step":397,"train/loss":0.0240186020067543,"val/loss":0.33191407974376236,"train/step_loss":0.046875,"_wandb":{"runtime":431},"_runtime":431,"val/bacc":0.9074675324675325}