{"val/bacc":0.9352564102564103,"val/loss":0.2390045964872682,"_wandb":{"runtime":610},"train/bacc":1,"_runtime":610,"lr":2.508496371730543e-06,"step":4980,"train/loss":0.003041653988066684,"_step":505,"train/step_loss":0.09716796875,"_timestamp":1.7805608385670664e+09,"epoch":6}