{"_step":145,"train/step_loss":2.5510787963867188e-05,"lr":3.337458105627145e-07,"train/loss":0.0002970750394620393,"_timestamp":1.7805620808332055e+09,"val/loss":0.20171156907692933,"step":1360,"val/bacc":0.9015151515151516,"_runtime":148,"epoch":8,"train/bacc":1,"_wandb":{"runtime":148}}