task,mean_acc,std_acc
0,0.623,0.05040833264451422
1,0.7288963865377425,0.0700479990877979
2,0.938728599262115,0.017171016700604665
3,0.9002262444709862,0.027043133413461918
4,0.8910447761194028,0.04276581725938629
5,0.7345479082321187,0.06772034171452604
6,0.32578125,0.03370258532831717
7,0.42060695540642945,0.11063065702944365
8,0.0683412479973444,0.033199382295382114
9,0.8333333333333334,0.038844772154450036
