{"train/loss":0.04201396823931141,"lr":5.8923034386077846e-06,"_runtime":305,"_step":361,"_timestamp":1.7805551786774065e+09,"val/loss":0.3350073385842239,"step":3560,"train/step_loss":0.00408935546875,"_wandb":{"runtime":305},"epoch":4,"val/bacc":0.86875,"train/bacc":0.9722689075630252}