{"_timestamp":1.7805591982490828e+09,"val/bacc":0.9876543209876543,"_runtime":739,"_step":666,"epoch":8,"_wandb":{"runtime":739},"val/loss":0.03856253075873715,"train/bacc":1,"lr":3.0892970241321706e-07,"step":6570,"train/loss":0.0003603755530841373,"train/step_loss":2.0265579223632812e-06}