{"_step":360,"train/loss":0.028588305698351912,"lr":5.8923710002724595e-06,"train/step_loss":0.00014400482177734375,"val/loss":0.4645779877901077,"step":3550,"train/bacc":0.9882882882882882,"val/bacc":0.8651960784313726,"epoch":4,"_runtime":400,"_timestamp":1.7805584537662506e+09,"_wandb":{"runtime":400}}