{"train/bacc":0.9848308554190908,"val/loss":0.3647883713245392,"_timestamp":1.7805568005891058e+09,"epoch":4,"train/loss":0.0290601294149052,"_runtime":380,"_step":356,"train/step_loss":0.00012493133544921875,"val/bacc":0.8062770562770563,"_wandb":{"runtime":380},"lr":5.892645083935754e-06,"step":3510}