{"train/loss":0.005465591896553428,"val/bacc":0.9415836101882613,"val/loss":0.32028834399055034,"_runtime":415,"_wandb":{"runtime":415},"lr":4.1405299420179655e-06,"train/bacc":1,"epoch":5,"train/step_loss":0.0004100799560546875,"step":4700,"_step":476,"_timestamp":1.7805534360661123e+09}