{"train/loss":0.0005459155984192312,"val/loss":0.17075229376211934,"step":5110,"_step":518,"lr":2.514487942619297e-06,"train/bacc":1,"_timestamp":1.7805556384884377e+09,"train/step_loss":4.1961669921875e-05,"val/bacc":0.9019753086419753,"_runtime":456,"epoch":6,"_wandb":{"runtime":456}}