{"train/bacc":0.9948992852501624,"_runtime":536,"train/loss":0.014943963251296122,"_wandb":{"runtime":536},"train/step_loss":0.0103759765625,"val/bacc":0.9404761904761905,"_timestamp":1.780557853432607e+09,"step":4700,"epoch":5,"val/loss":0.2900165391255574,"_step":476,"lr":4.15366334034223e-06}