{"val/bacc":0.9538461538461539,"lr":4.136455718341957e-06,"train/loss":0.0019931620587416684,"train/bacc":1,"_timestamp":1.7805613298135905e+09,"epoch":5,"train/step_loss":2.777576446533203e-05,"_wandb":{"runtime":492},"step":4390,"val/loss":0.0660599622615548,"_runtime":492,"_step":445}