{"step":1210,"train/step_loss":2.384185791015625e-07,"train/loss":0.0002684648099698518,"_timestamp":1.7805536206108587e+09,"epoch":7,"val/loss":0.48616543794289613,"_runtime":100,"lr":1.2144245571504898e-06,"train/bacc":1,"_wandb":{"runtime":100},"_step":129,"val/bacc":0.7348484848484849}