{"train/step_loss":7.152557373046875e-07,"epoch":4,"_timestamp":1.7805542180552633e+09,"_step":369,"lr":5.891776266744686e-06,"_wandb":{"runtime":300},"train/bacc":0.9991624790619765,"val/loss":0.24721253989787584,"step":3640,"_runtime":300,"train/loss":0.005091095460604315,"val/bacc":0.9680464778503994}