{"_runtime":52,"lr":6.0821980696905145e-06,"train/bacc":1,"val/loss":0.0381102979183197,"_wandb":{"runtime":52},"train/loss":0.0018691688776016236,"val/bacc":1,"step":390,"epoch":4,"_timestamp":1.7805579117438993e+09,"train/step_loss":6.818771362304688e-05,"_step":44}