{"step":5500,"val/bacc":0.9761363636363636,"_runtime":447,"_timestamp":1.780554669427729e+09,"train/bacc":1,"_wandb":{"runtime":447},"epoch":6,"train/loss":0.0013613204919654905,"val/loss":0.13611433335712977,"train/step_loss":1.52587890625e-05,"lr":2.5038470402681893e-06,"_step":557}