{"_timestamp":1.7805526511127467e+09,"train/loss":0.036082281509699866,"val/bacc":0.8253968253968254,"lr":5.880325558292127e-06,"val/loss":0.4487291192397093,"_wandb":{"runtime":280},"train/step_loss":0.0262451171875,"_step":360,"epoch":4,"train/bacc":0.9752654752654752,"_runtime":280,"step":3550}