{"_step":80,"val/loss":0.24964763262333015,"step":750,"epoch":4,"_timestamp":1.7805580492636566e+09,"lr":5.981081864610678e-06,"train/loss":0.0028896002393019827,"train/bacc":1,"_runtime":97,"val/bacc":0.9166666666666667,"_wandb":{"runtime":97},"train/step_loss":1.52587890625e-05}